Current/A,Voltage,Power,Ar,H2,Ar/H2,Thickness,Bonding strength
656.1962759486589,66.3050980388522,43.56389747951469,29.99953427025251,5.244299662318922,6.531848008979374,340.92636626347405,30.480767413805708
629.8093617352035,69.00795379757797,43.48359398924845,29.998587696363852,4.371534208816276,6.9479233058939,185.48927843564837,49.811430541141505
613.0878428571856,65.59072337014369,40.21749146849868,30.00037569792097,2.904475976581648,9.961391841640243,270.19200788570816,44.292276404093144
677.2368348352546,70.50559003093757,47.61267089942136,29.99877915637952,7.075440349385197,2.792491285653651,237.85783947056154,37.08665903460327
644.7253261829925,69.42018574761413,44.74610846993186,29.99969889619819,5.213687813473445,5.673263140546219,204.00899227204548,45.61140965300774
661.6689044405731,69.33958735112603,45.837020341553746,29.99961491764575,6.069327278732762,4.516423418864927,244.69852259625736,38.932033062429056
659.3518337635007,67.22656315730889,44.35483312893257,30.000975545102854,5.5724382090278555,5.813803221652449,315.0442827018352,32.48156556986278
617.4494210169623,67.41325283757764,41.65187120617795,30.00100353295188,3.4533353507721,8.676186895510352,214.80134530461257,48.96184710385138
671.1750652728292,68.85283672410614,46.170624768329745,30.00082190241643,6.467697669403373,4.109207760301421,283.3334641647105,33.65029890014502
602.0614817177873,64.86559839364735,39.019192840010646,29.99948172980775,2.2102588984512637,11.12803370536762,271.4694513192971,45.946597996106384
647.5334557663612,66.63625147719796,43.189368302818764,30.00096864495855,4.860215357009343,6.966140978917983,309.7396512845258,34.901666641726834
612.282457852588,66.14608065162378,40.510919868591536,29.999765412773407,2.9635024427311736,9.720423268315624,248.53414362900853,46.52343579491516
625.2446263398014,66.89577914991489,41.8512899446339,30.000174577935628,3.7624204675320483,8.40081775855825,250.7037418747466,44.222074859784186
640.289280327298,69.92189309063326,44.7598955651589,30.000301547389277,5.073852719249461,5.719320387853288,176.222383154625,49.02073208545956
655.8483656862642,66.85631062550046,43.8885031932394,29.99859814902771,5.326886144595982,6.256599323338869,320.35851944647476,32.52985511211017
629.8041023887007,68.0368715530465,42.876897033021606,30.000068562810107,4.1999994842699895,7.468831117040743,220.10891213294803,46.45484461026902
671.279874063019,70.5499533310293,47.24091447586137,29.998769135733596,6.77835521818662,3.1889331247218,222.9529703905155,39.48976020358979
644.4576374855537,69.77210813761674,44.94907593286549,29.99867954338031,5.260779824778049,5.503386910622568,190.845752689886,46.92977033680375
647.8136962524356,67.531363945137,43.769195523908984,29.999285648733927,5.032651987045052,6.464964176277967,278.39160415774614,37.896263052578874
653.7465176226109,69.80758786630433,45.594199084774644,29.999179317827267,5.744784942499007,4.826632472614985,210.3510856503437,43.539355512714835
678.2508381373523,68.68925869356073,46.54479401165703,29.999184189646844,6.803195013482128,3.6940925992504914,304.9631013806031,30.411906140592233
657.2370335022202,68.08892916710182,44.752043415973056,30.00272016923201,5.616251656821396,5.502269399333586,279.5111946399724,36.26902816940125
650.3477489989244,69.43514758165163,45.13207656911282,29.99992717106829,5.504441235374315,5.26826493976691,216.0692127254909,43.534869966932305
657.7370906918594,69.07418503421275,45.40562004511308,30.000385317296125,5.819976725754918,4.937299987177907,245.412508553541,39.496868299623166
618.6087814251802,65.94942354185326,40.812102606663785,30.001053802022692,3.2534744460372957,9.37840774494442,269.68507208224366,43.45196572313239
651.1195194350894,67.38889519342149,43.90063824399465,30.001135565829347,5.1774535363018614,6.30970768826612,290.8216731881859,36.15608639734851
655.8412185965335,68.78368596939717,45.093525079385465,30.000081874271274,5.667033004823761,5.2277436401754995,251.62283283614926,39.20036417508331
609.466122098644,64.54598493147213,39.318189843258004,29.998922255201908,2.5328212296746004,10.77658070933429,299.40392451194856,42.04152335156077
645.1686922581587,68.65914480891685,44.298317260694276,30.000633918972152,5.102444800213654,6.04790378667332,232.1853960436249,42.8063904551393
657.6378856783349,69.35325450825248,45.572332566897906,30.00086575513259,5.8648327970764775,4.7960799365641416,235.26555950220745,40.496636129313636
628.1502933153638,67.25076388259023,42.272421623321705,30.000917862042314,3.972279171982774,8.004924967819077,244.43453258530096,44.36108682125381
631.3596471777718,68.83181728552715,43.47867371371271,30.00077463399293,4.422560528074312,6.9315732643721955,195.16013056823897,48.624990191860505
620.6028346947916,70.42992824255676,43.75556046578996,29.99856985864317,4.155939737409527,6.834976414852245,114.11985484120555,58.219957552021526
613.007449567374,63.77099675878731,39.07172640823755,30.000462103438345,2.5747745189960196,10.940955278553648,334.9528198512706,38.024205241212094
633.4568341051037,66.86796665841048,42.3850154047187,29.998762184745903,4.176775154332381,7.835500024354566,270.0496996993052,41.02242757600479
652.5131940037504,68.35655062534984,44.604588970929335,29.999506998998644,5.423332228547552,5.691103844215784,259.370287906082,38.98441856713356
627.4578451128244,66.11047003513964,41.509101149801396,30.000629628831366,3.7361029626939515,8.665999914620185,283.6627069279608,40.66914726606858
653.0352070535769,67.20339261219776,43.91446917137081,29.999408428716627,5.24356702271235,6.271691959399638,301.74743126721376,34.78984301224558
662.5097329953942,69.0718300633478,45.72283383669129,30.000021003974446,6.063434495024117,4.601168051929729,256.14137663119806,37.68587142072293
638.4823745084625,66.84766079927327,42.71320996795393,30.0020923871776,4.432852627836523,7.493576871423317,281.9791276486408,39.05484151624748
656.6289703879164,66.88660637343763,43.95832463516906,29.999102745647853,5.3710871470657136,6.188649559332992,321.06977621993474,32.336484170471515
638.2154487420659,65.97184260226032,42.1465379380909,29.999436275402832,4.26370756481246,7.979886813461112,312.6689765183147,36.119943097900226
631.0905573651876,66.48776214994588,41.99126757693906,29.998592536107964,3.988873100405842,8.208556755299195,278.33606788405365,40.59928260165757
669.9417815991378,68.84107841027752,46.07993821661079,29.99899747062873,6.403863992899714,4.199878484931084,280.96863418034934,34.079794577910555
624.8222836473568,65.99048589218829,41.25606396285987,30.00040171180183,3.577535878662279,8.91719528915663,282.07808289134294,41.24668767462158
641.2689271761773,67.15395543474955,43.09375860172257,30.000497998376122,4.629759077512829,7.128963687372842,277.2272852915433,39.06501145462672
626.178418347652,63.65924832893987,39.88573568477816,29.999191701769604,3.23337493067745,10.068781171755973,368.3516147639149,32.6607388070088
630.4855006048305,69.57696917849464,43.884981340105426,30.001876170926845,4.5088143260611275,6.594831740890799,166.67279982559586,51.52815877986414
650.5494850644579,69.21996317361861,45.01112485563806,29.999530824332368,5.478104915377363,5.36899768320397,224.19724296238473,42.71085715841068
665.2440323922276,69.10923324809568,45.931922658253406,30.000046980548795,6.211202219923718,4.3885907917465605,260.9701046555163,36.77587524371197
638.1032636474195,68.65982629075783,43.82418849379498,29.998875357849165,4.738904670058915,6.547704412006324,216.3732849887378,45.47793194731607
626.365990477859,66.07295792396299,41.41303034265955,30.000067518688557,3.6718187441013885,8.760229409102312,282.5114205051072,40.954896307143635
660.0141936954396,68.95711153631791,45.4831891360907,30.000686051517857,5.912926259898194,4.841219313716952,254.69730710672602,38.22905272148521
600.9220023098751,66.47744959192006,39.951499257301876,30.000074094987262,2.437257206574209,10.344589165581322,211.3776514823118,51.95932644389662
639.7414878169334,69.6019619115008,44.52683742179437,29.99991087976415,4.989617376712908,5.928479427658569,186.38279750473623,48.12361351549776
622.6188117198404,65.79449408078294,40.98705967351021,30.000955142222846,3.4314024488713537,9.17697341440992,284.17374246290257,41.399236453369994
625.4101331711524,67.15362648549163,42.02631420783869,29.99880212219258,3.8145717127577248,8.250539598006442,241.86079441425227,45.05348712111449
645.123312087317,68.61637741688367,44.26839005165617,30.00075750769807,5.090209820160103,6.074860347937614,233.63041271617814,42.67359322269718
595.8646420175152,64.96125312237699,38.66117886222863,29.999750964117563,1.9081960275966896,11.514754058314189,254.2532856731787,48.61396368267617
663.2462763955657,64.76805201449821,43.077194818772554,30.000203463478098,5.332395364655924,6.856736189136596,411.53601655419163,22.495460663366114
619.7422611392595,66.94975024768796,41.51613025215226,30.001479944164178,3.4885673838837628,8.762025606759048,236.44698399944784,46.493268452263464
651.7118253836603,66.09620150859219,43.13393407998677,29.998617200286752,4.9771869998626235,6.958513350191181,338.336966679915,31.452082725033424
651.892206035921,69.96479619199431,45.569506077954806,29.999136009191965,5.6773892247988655,4.874569855323051,200.60335197323448,44.78576383088111
640.0426291550793,67.01678811828528,42.92466465423852,30.00075539120963,4.542259378668738,7.290880383725906,279.42814644114173,39.05090092444244
655.7339343118358,68.23042598909964,44.73952662686004,30.000570598594564,5.565119762741768,5.534048935534346,271.16889366801195,37.321452695612166
641.7800210257441,69.63086256682898,44.679364425229586,29.99833847994261,5.099258743377797,5.767216445038745,189.93318538727806,47.45223166693945
641.8637808605533,68.34926864402186,43.88058638700435,29.9994231082303,4.874054608014119,6.447908129352576,235.92793453153004,42.9763657096283
669.301051067027,68.51501374303729,45.83093683626312,29.999796954650442,6.312609099104577,4.420217829210918,291.2955551774241,33.1807439046223
637.958301367165,67.12701050230129,42.8532291654072,29.999588123022072,4.456249764780195,7.379118890342917,270.7858941037714,40.22495459271432
632.7900901666251,66.39676664364747,42.04562319989258,29.99967397664601,4.0591148327416615,8.135986615509491,285.3620176541059,39.64291590997237
621.0422158097354,68.87113007607519,42.8076560963402,30.00167643732828,3.898466413770387,7.640815999948952,170.83185261818699,52.647140335600994
597.7542664432674,63.62087420188538,37.95093793574016,30.001143754010958,1.764458424036118,12.100464448700379,306.2955299536529,43.26264800476698
685.559067038438,69.39855237645799,47.479422112604006,29.99915015567128,7.304036852025462,2.797940003627068,295.95079603477643,30.10809082734599
631.6473687480831,66.7511051672695,42.19183306956447,29.999489983641787,4.065093296823776,8.026642363060233,270.1550182469851,41.30391093009152
648.3488551902395,68.48009215763248,44.40187086764113,30.001355637909846,5.231625861642963,5.917349328697233,245.63208812505172,40.98787837266391
616.5329279646637,66.91926711211873,41.278767847439575,29.999944415418074,3.3182673913335035,9.006450048010606,230.48915703214368,47.58733533917871
643.7762288029186,64.37923849526149,41.52225172773531,30.000223884010673,4.264764549926708,8.440190567246367,381.9279302190686,28.504762978004123
667.5522630000313,66.61585676050055,44.52639836262127,29.99987421302151,5.883762539675273,5.560219037377866,355.0619499967925,27.277368309442352
670.8035987748231,71.54037056609074,47.83030741130955,29.99834514332479,6.9290560921550615,2.6930652113345976,186.5169536100673,43.10197259269123
615.4934174189127,67.53358872921552,41.59555102329602,29.99849685705696,3.3748630595760023,8.750784548269912,206.16894438454273,50.11383760507708
639.6670763267296,70.91001675861808,45.33706268304568,30.00112656512009,5.219771235668876,5.231870895908468,139.548935120132,52.67920308292135
642.4173350343355,64.12589895816409,41.27198664281838,29.99985563955686,4.149238529788786,8.672063850624994,387.96027283526274,28.13985804598061
630.3476981111473,66.80725996198413,42.141923522462804,30.00150399279283,4.010371037676155,8.08953039043775,265.25309806589564,41.98740891496934
600.4945600382733,63.24260588052334,37.900294584401756,29.999222183155503,1.8396034006344726,12.1084772487216,325.90460801950707,40.91760219885256
666.0102927441977,67.7689734335011,45.14518919326332,30.00048937442164,6.011751958724198,5.0519094012907795,310.4691687600875,31.852041847384946
633.6311894949299,67.28655728423615,42.6630350367315,30.001159329719986,4.263020345558952,7.5999445377392485,255.42769254062873,42.41144969180611
634.9932271876678,66.2721768912556,42.119060910528006,29.999815097843364,4.152287113369638,8.04495092680207,294.69969569825906,38.38274420882132
613.3295149008766,66.62479920075987,40.88282502759763,30.00175479398735,3.103209409826879,9.390811840706998,233.80201852175023,47.78120412327533
639.125814060732,67.03747133225406,42.87541942575456,30.001103301898084,4.499623794388283,7.344879748398727,276.63717425076214,39.467873483570735
639.8478329527503,67.84061449391623,43.42969706607565,30.00074326399654,4.67962138244037,6.862813781305443,249.53984374174124,41.98149250737806
647.8130953131894,67.8383454214956,43.96129763525911,29.999021627241454,5.088110858996302,6.301661802231113,267.4523670814273,38.959993762597584
650.3638620456159,66.66364823450739,43.395580301728366,30.00101437004253,5.011810992295686,6.751561279470809,315.06749859310395,33.92947178413675
641.4491949003191,68.2863703464423,43.814684898631015,29.999244617015595,4.842353101879306,6.511494133208457,237.20671991633202,42.92028462338724
614.4205882850533,66.98249000575215,41.17867975598567,30.00263238207771,3.2206177568821417,9.121484970089579,223.47001241580642,48.608216270891845
654.6373746034404,69.42418430894234,45.412718907058974,29.999903940312674,5.722343410623333,4.968173317219679,226.03571599287784,41.87564694158041
675.6963416794686,69.66018661466983,46.978896545095324,29.99943753334875,6.845454578253739,3.354754446600234,264.5919791058042,34.73778852184467
610.2925621888525,64.68404578795156,39.45974470424729,30.000620672099927,2.5986642542934053,10.644069746220685,296.3557781189883,42.20595800619566
653.0031812034589,67.68604379926691,44.2139962322425,30.000459180141398,5.327883054774895,6.017054998996375,284.442598321334,36.47454318994841
645.112530408732,67.12411755380404,43.33494540133993,30.00105315276543,4.822462566187603,6.874339121990371,286.86897628530824,37.51075707107358
641.58608599875,67.43203292107701,43.28912599881428,29.999537724672557,4.696932300589177,6.958921900755287,267.9945127995754,39.91093757146437
631.6408756122394,66.55075360006705,42.06804951059261,29.999560269011905,4.027471212970842,8.132676971456842,277.2529785343358,40.61611274054677
611.9922843437253,64.24760101067346,39.30192477241886,30.00106548036495,2.609328371523818,10.757030227362353,315.6641448880054,40.05668938147259
634.1193990932052,63.96707223627605,40.612220355413164,29.999477140058023,3.695282496897304,9.34381740524722,375.1233962279964,30.721952906297645
622.8642014376848,68.06957499048075,42.42772557741909,30.00023421482105,3.8476675739835713,7.9406993256613445,203.51013309891016,49.18447689741353
636.9049353096663,65.87660323162693,41.999319880552676,30.000382409717968,4.177819017551865,8.124171849671447,313.1187556000583,36.287014859333965
689.1417857910584,70.07705879451093,48.14760633252802,29.999444522792636,7.61095642429582,2.1807897332887407,279.7085249159338,31.104612021423762
629.9577686536769,64.86583458014164,40.896569960129376,30.000632931815236,3.640327654192478,9.157492092444743,333.76611155471045,35.40587040680315
676.345398802329,67.61162187444354,45.740838178433435,30.000334456842438,6.51331564499425,4.404631498281157,339.18453060725506,27.39793898675456
625.338900889976,66.68381478271826,41.72667818668199,30.00179455780841,3.729334749727531,8.508686811218766,258.51709519662757,43.448988507920006
664.2857603304856,68.91528475439691,45.748206109980835,30.001044160887353,6.126635560888094,4.5580017558927635,265.607076785067,36.480860494950385
634.0176381506802,66.22282655253802,42.02092758020144,30.000507274174502,4.091751952157779,8.141006791779672,294.2790268299454,38.57939435370745
653.8498693726006,66.41680808452959,43.47616071450126,29.999183064419036,5.144981964430651,6.635778220649332,331.6656949945387,31.756520921355346
666.0546621214098,68.96883750794979,45.900358872431426,30.000746253545024,6.22658563517192,4.40579318907137,267.71458973398086,35.98982260099941
645.2637606264599,68.10730998835474,43.9584859569242,30.00027902160187,5.005225084967133,6.3381534724155015,252.10530589555782,40.85729031419698
644.7591251648013,68.25849955137669,44.01989671200966,29.999299879249687,5.005783985093666,6.291311235723175,245.57542740904978,41.57492796475961
648.3365524857501,68.63160506099742,44.494662197271666,30.00188115693647,5.257650665812911,5.840971973132998,240.2288137180093,41.51734583265627
631.2055680391189,66.23757437644507,41.84132356779165,29.999435921309523,3.951628403046742,8.333750049987913,287.5293148262475,39.68782007391555
639.121673401869,66.45524321332647,42.513106397314175,29.9993080918236,4.395131425386598,7.656179748954184,297.3409131342476,37.4617955366344
647.8744898362618,68.18477700040641,44.182440434760956,30.0011172958872,5.153377897346407,6.112531394128018,255.21017754006905,40.13450800593205
649.8299263550457,67.23502832557108,43.71999501604115,30.000709003793776,5.085014869345477,6.481957509700046,293.41772419157024,36.113087192694685
676.2231471113064,70.53994287461342,47.567350977779476,29.99931894837307,7.029095928828887,2.844961980653321,234.34940993551047,37.589461936670446
603.928423128374,65.69273813235408,39.667190124861705,30.000760414573318,2.451614693214768,10.551756584861453,246.0874060983058,48.10788803263131
639.968484109173,68.64480282608505,43.93968681838142,30.000877362322626,4.831105079328326,6.422431641281773,221.09510049942824,44.720733187129056
601.0114687468337,64.64525402187066,38.81289361991369,29.999718899766904,2.11409076115559,11.31922537675539,276.9799424824678,45.580528099498125
652.1633203601624,68.88742016182586,44.91251181731613,29.999353063296365,5.498918795058238,5.4315058480040275,239.60381386502064,40.95794070762835
653.536169184622,67.03890495444794,43.84523143306049,30.000197599803073,5.238619139866732,6.323106763184298,308.71349944583113,34.034189626988756
645.0514146475581,65.39738002281594,42.24630626381219,30.000424165955266,4.510385790948562,7.8044396503223545,348.45227720099336,31.54721448094533
682.9772256714149,70.1023587267987,47.74690380728821,30.000120031381115,7.297554034316738,2.602895643449367,265.004324140651,33.526846215033295
608.2776516236298,65.71693862399894,39.971934886920835,30.00157398666764,2.6805225591403525,10.234296974457937,254.93465210776336,46.548987685081535
661.5410562401911,68.42600324502033,45.25503059389181,29.99996149156126,5.89951279666381,5.014463226773642,276.9958747648574,35.81932828148853
610.1748984857192,64.63378067706395,39.42140672864244,30.00039580356962,2.58343213638627,10.678978061997983,297.79539892920945,42.08391492847606
627.7846936273736,67.33051548644205,42.29337219791646,29.99962938577653,3.9684799697058124,7.990670661088406,240.88673315789413,44.766482658675535
607.0236497347929,63.78196982041123,38.6770539707761,30.001160826662538,2.270317406967982,11.357871313665093,321.2370211723178,40.3189196311516
650.3432680417482,68.08243852807946,44.285722455611264,29.999506243326252,5.264077144762024,5.991390170448229,264.34045582697485,38.85366887733013
657.8102927280545,66.50894660034926,43.8021612578082,30.002076747986077,5.364311641221178,6.3066647155004585,337.20811039498227,30.579797963854418
645.7819916659898,66.37415050739573,42.907823462011066,29.999962777806367,4.722420190564431,7.229039405424421,315.1767345763542,34.65660360685282
639.4918031219237,66.37260201195339,42.48234464325562,30.0003464885423,4.398835805058731,7.67397870104818,301.22292006277803,37.02775057945207
638.4728560847371,64.51609344794402,41.253414448516935,29.99894658439909,4.017522017639897,8.739421307948328,365.145767928469,30.987881510021776
645.2418584047633,67.95091709380476,43.85919192488409,30.000364961190535,4.974867716475485,6.421711724119115,257.6256617742698,40.32600808108121
661.6087367657537,68.46258339751361,45.279958358552065,29.99885699526193,5.906982724818041,4.9917030702791205,275.8941865955596,35.915533585533424
626.2495828411672,66.10683124153445,41.42558441218219,30.000421920891984,3.671407086033814,8.752320094448823,281.11385695168997,41.10964501816138
659.8674443200923,68.93957409812285,45.46526768660193,30.000701172721886,5.905400446705027,4.857400844348106,254.92569263380003,38.22984560184159
643.445897892239,67.78566978467104,43.63522678901766,29.998559949174314,4.853038458602134,6.638692949936456,259.5629592540959,40.42830580853321
598.7034001536946,66.08342114373691,39.55898497513808,30.001009817092864,2.2563061263204776,10.71058012410254,220.4495004255035,51.43553187254459
527.8228840960699,69.17562950462208,36.385308851388466,29.99835450559423,4.941507344128306,6.112803452246665,399.9986105386418,32.02350150806103
503.79872060313033,67.77422451591603,33.83569756117501,30.00028124186977,4.289561878650763,7.418817587336944,400.0007589096004,27.39810432999833
632.3228182497791,67.86583187803627,42.937675955064684,29.99889634418542,4.333548093553957,7.333671061040054,399.9990114834147,37.73035816725668
531.3536467615452,71.49827188296213,38.04538224685619,29.99977529961131,6.0221881281364675,3.953871102005768,399.99901752777686,36.81369644394116
580.3469142507629,70.47514875492104,40.869640511675634,30.000440366967872,5.546440496875479,4.906599447575811,399.9984069765268,38.693164419078535
573.8370476154948,65.43353180523457,37.33713267442397,30.00054330664679,3.20201569730125,9.596887142507578,400.0001222608162,28.382754931366073
629.1054177049499,68.62921397419316,43.17599200306112,29.999307009542015,4.686358847082036,6.62377754290917,399.99875618355566,38.95862900521935
605.0451625931954,65.28808545182588,39.44491572976456,30.002145092711768,3.1331030711236325,9.733271352823557,399.9991645080972,30.56501571490585
548.9430692715256,67.52813068787432,36.86472093423775,29.99985300107718,4.176762284593935,7.646950454114815,400.0000438213979,30.486345811918113
620.2427691231359,70.07333843355883,43.431342867951514,30.00163906001171,5.358636777873874,5.277189898597275,399.9991962147524,41.066226735700525
553.1254695059874,65.17543317736019,35.721676560303806,29.998985204214886,3.0813579730963276,9.83776411702745,399.9994183876085,26.24626078288626
584.7695584159156,69.35517647160218,40.4964694614508,30.0008335529596,5.025601734679743,5.951989758526107,400.000330823947,36.86232789018272
512.814742093916,71.0332726798049,36.45616250163769,29.99994418276637,5.805860663825399,4.386904626529052,399.9992949919114,34.44068842942853
554.3536857086052,69.99748562523844,38.74902908447861,29.999096086255236,5.325127624934635,5.352777366181158,399.9998888349749,35.70896090757595
521.4452526916515,67.47887096557034,34.89949936280421,30.000141798854553,4.155035056082399,7.691183633998924,400.0012130881275,28.22300071285825
575.3671133373579,68.59014891902464,39.36775618518851,30.00095675028699,4.669354232604778,6.661490110268851,400.00070804407346,34.636439579617964
697.6559159436713,65.60310127273043,46.15406586541777,30.002493027748,3.2825881681243616,9.439935084773358,400.00038841026344,38.49311145832567
582.0510200075754,68.11353618294598,39.54878492827497,30.000321716215314,4.447804818940606,7.104713301814926,400.0002673705905,34.23566594984528
597.3571409011957,69.17849512231982,41.27528492576449,29.999990883522408,4.944891396341959,6.112157122466358,400.00002818177273,37.516648142068256
588.6964140013499,66.2968829600628,38.907497449901285,29.998688164033457,3.601715931698024,8.794810908754187,400.0000104412013,31.2308261678085
623.6488345314823,67.79067470688098,42.277480568555,30.00048649628493,4.297492365612703,7.40379497930932,399.99992946837085,36.89848475526908
643.5137039865058,67.47578776234327,43.48699137785055,30.001218864893296,4.1511813398570805,7.69667876007286,400.0015306685317,37.85530866165595
577.9720929670863,68.61169659650066,39.56611103397086,30.000170390289416,4.680347678451072,6.640173060651192,399.9996118116747,34.88556301941614
560.9729686864932,65.91525350065433,36.72423461967647,30.0009341488748,3.4258322479290837,9.151205409910052,399.9974460157806,28.299380843623126
657.021828172866,70.46340583906793,46.25637779071449,29.997408918194775,5.540013235470731,4.918086529959284,399.9994236645605,44.72422297981229
676.0718757418791,66.47191075517715,45.16402713301899,29.999026938445898,3.68492432015714,8.6289835352995,400.0001196460744,38.47729706196383
588.4271948945158,69.62087486280778,40.91499160297884,30.001711697698855,5.149091220363573,5.703749447786037,399.999826938357,37.670801364899674
498.38809672078065,69.30337971837997,34.388017559879664,30.001825967822604,5.001265001859122,5.995422968881089,399.99939426116015,29.944837725078205
456.99126105874075,70.54286670559003,32.229230160612616,30.001561598733293,5.577665389171192,4.843773546653049,400.00130163584515,29.08006837291829
559.1529392506952,69.4813644299141,38.768862390893126,30.00018465552748,5.082883559153296,5.833182763283075,399.9996346659787,35.08328453325929
514.5835724999778,69.9618208577997,35.929068121077606,30.000719032779447,5.308223443979479,5.382758331875889,400.0011856556044,32.5043684439286
672.9401440373003,64.00908413347766,43.444118890767555,30.000556320001035,2.5397816175569092,10.921171982806234,400.0013281565791,33.44287089149743
625.9545407621546,65.64882152636139,41.136602504819486,30.000507938714794,3.301945291032883,9.395568526544418,400.00152843413105,32.9177974948102
608.7751209943126,69.20262456039882,42.09350830729676,29.998896932275848,4.956425011964054,6.0917898431005195,400.002056281619,38.46663775142017
568.6836278629787,66.53523677142238,37.646714405766204,30.00028256925399,3.714280015799414,8.572479730734578,399.99983285920507,30.11353467941631
557.6142431273212,66.81763887938536,37.03873932993158,29.998703179114926,3.844529502561463,8.30817034247542,400.0001811091267,29.790939446800493
618.9583637709471,66.37990734887975,41.090198793384,30.001702235823156,3.641816249863454,8.71602097949597,400.00030871806956,33.7822114132886
552.5483239144523,71.61187447044368,39.60409015366693,30.00067326800423,6.074672591850805,3.849549676581269,400.0012897072943,38.70473575321729
599.3856424821903,69.33506685346944,41.513833954172455,30.00039478401919,5.015138837828773,5.968488350476023,400.0016698778501,37.98059259908764
514.8222204530028,69.87113124375237,35.8904150649958,30.000648227472013,5.265592224059926,5.468819523206059,399.99921505791326,32.34323014928761
640.324868948187,68.07075164138509,43.6233447767861,29.999600480731345,4.428615593512857,7.143416604425955,400.0017269908324,38.756762059494854
671.9758696081246,70.20831414420287,47.154590740495436,30.00255816111023,5.421336976646535,5.154937576997458,399.99944796911274,45.41348065432246
494.63175851914974,65.14640495761775,31.58744780054628,30.00059259476393,3.0671590000206868,9.862453166164583,400.0010240225129,21.567303243918808
636.254105594261,67.29468205696088,42.86491348240135,30.000955352714346,4.067831338743368,7.865427477641995,400.00069632293855,36.92838524455541
655.6838322985548,67.42627746132118,44.31224101361445,29.999878248394438,4.131274859479911,7.741951729167044,399.99991732753494,38.72153432380548
649.0854542348045,63.621331873658946,41.527047124718706,29.999040545010043,2.3578114246876636,11.282708162531339,399.99977358068753,30.802668146004855
473.9074052568195,66.26682289295019,30.814155043480753,29.998231571100412,3.5904794297235614,8.821693890827289,400.0001410056601,22.110035100878314
614.6850368128651,70.56733604977424,43.341948512535936,29.997127659339718,5.589858571663989,4.821338863436221,399.99883027711616,41.58158865909377
486.8873712560411,69.90871332781748,33.94910403767642,30.000301724077158,5.283414174565632,5.432409255317298,399.99900159418434,30.21126705215461
592.9819255653061,68.18165179992468,40.35979075933832,30.00036735080362,4.481300884293069,7.039562916775241,399.99977349630194,35.2373360811315
497.0784283579764,69.43658905838956,34.376521443124524,30.00088388222242,5.064653527319727,5.872417917184386,399.99757570004977,30.098565816654215
583.0868588556237,66.93260477161326,38.90207110433607,29.998745764645207,3.899793737638197,8.202053873719414,400.0007943493734,32.029862888465885
558.9128673727067,68.26298149253512,38.01439288023021,29.99918969709399,4.5171875918538795,6.963569918335762,399.99926546313696,32.704043084479316
648.1660028668256,67.03206806554448,43.541248822787374,29.99963298357314,3.943918493482117,8.110423685397885,400.0001764663382,37.35811800666609
650.8641230378191,72.6585503041297,47.16307092884095,29.998990108962655,6.561763671155019,2.87443759018218,399.9976371357517,48.50329731710841
585.5793297476438,69.26433457306986,40.49813477825216,29.999200763203863,4.98191950403234,6.033108612028705,399.9993540897876,36.753986087393066
579.9923165756361,64.866548200952,37.42461084348473,29.998436789553494,2.9386714089615467,10.12320113203826,399.99970829428594,27.768163187057176
598.6056461862233,61.67298260767816,36.78610146311247,30.001148417445176,1.453145091652806,13.095268702535165,399.99957356485567,23.033502948001665
531.5082063798037,69.78695637773487,37.0121263467355,30.001280985136198,5.225278045692418,5.5465144953249705,399.9995525916045,33.494515716200276
557.6230287771839,69.81737668417898,38.86949719588413,29.999596328244998,5.239269766677993,5.5192905454249495,399.9996652519248,35.619550060312335
462.58989696368076,71.35346191331114,33.11864671602704,30.000452365371036,5.953196979614416,4.090379964571314,399.99992032806233,31.096577397189442
598.4947027292558,65.86200582242462,39.33257022268497,30.00032583307508,3.3986169333405387,9.196689646341627,400.0005796111724,31.16229644547633
566.5550168281738,68.66625068277433,38.79586534771407,30.001139809232082,4.704968192488224,6.587218422285293,399.9989933804665,34.090387165626375
714.5930673467043,67.52162128575162,48.513734705733434,29.999495157448116,4.173194266623064,7.653363515954494,399.99900073185466,43.55611333006585
601.2983729857284,68.39386280651588,41.07589610241491,29.99967778935231,4.5802848268301535,6.841732937872302,400.00161539745017,36.304544109468296
526.8023034152311,69.39356979948752,36.44212027398246,30.000324298502193,5.0427107347392965,5.914422017205841,399.9990962762387,32.358948389705674
615.0163360573699,67.15553521915962,41.283362147565086,29.99952513595503,4.003271183946559,7.994003279123849,400.0005867258677,34.98262840548722
579.8418292086272,64.27179286180098,37.052746748086626,30.000179617115858,2.662331807874157,10.677178399056146,400.0005138957219,26.601833789296943
549.047776217735,66.20750029774885,36.06364239765649,30.001899927488456,3.5616207322582145,8.877139337136605,400.00067244540986,27.928490430641443
520.326529713298,68.87638327480899,35.67296391145871,29.999909429935077,4.80292249260538,6.392964046349218,399.9994646779283,30.849667808652285
544.1905122191368,69.19662504421582,37.54540985372599,30.0006154177698,4.951446250890811,6.097460401066256,400.0007387689262,33.349840606731846
619.4520745563386,65.95264594365307,40.86296294435052,29.999650666475997,3.4414348093275677,9.112943509621902,399.99977655760557,32.99460496091722
538.4690675801135,71.50230755694805,38.54875278532012,30.001710678540043,6.025369077898591,3.9519281309258134,400.00095019208027,37.38180004927051
583.0523941997903,65.70828285646067,38.15476672197648,30.000501159905667,3.3295878175847715,9.340610705742419,400.0009751637909,29.645939764594626
749.8896968934773,64.66774224795671,49.25889655325236,30.00137369477573,2.847089529396516,10.310074194209054,400.0005111098417,40.80064179419281
490.24729622705996,66.50950056193481,32.10963371124029,29.998398038517905,3.7009330775399993,8.595961166689051,400.0000755418112,23.8688356497411
456.27012466464356,69.736045504321,31.687740502374083,30.00169505359732,5.201906980898805,5.594873067077475,400.0000434879877,27.45525887449148
631.38984278253,69.85000189484003,44.07908806707047,29.99930755030764,5.255016262847888,5.490098183129865,399.99957074453187,41.50887872756211
677.7593177588866,65.35910388436011,44.60500873462504,29.999247824016088,3.1685123450779766,9.666232541969098,399.99969084171266,36.445786649607385
699.9106112248412,66.32239103539114,46.74939242260502,29.99924804448978,3.6142818296916386,8.769953065824325,400.00021324740425,40.068549256879415
522.230299935962,68.58908176242919,35.626393192370195,29.99848623787414,4.667725303477113,6.6639149524613,399.99929169544794,30.43331467929666
571.0370962537527,67.08702588740012,38.15076253887833,30.000146759533223,3.9713968083504767,8.055867046317552,399.999516929037,31.378699304700504
602.9584366940837,69.36869192470381,41.7868092933004,29.999012807006984,5.032908201960409,5.936408699524649,399.9997889364206,38.33193026289004
600.3853538435676,68.94266921641454,41.344337579546234,30.001410858367684,4.833325395857029,6.332311378007139,399.99890950565157,37.29748958976197
544.4201955603785,67.92562030317931,36.78562936425657,30.00036146203442,4.3595492965196385,7.279874512119306,399.99938753821596,30.898370948983075
588.9521719709596,68.23845800629347,40.10975185548031,30.000092809406187,4.507945995199703,6.988308600650049,399.99945126882375,35.027094027071534
510.6044346494865,70.40844565354864,35.92046458863359,30.00177526705197,5.514228706251326,4.970211079558119,399.9993536528135,33.05065480158707
526.6102012894573,69.84914731201594,36.70552121339259,30.000260341530606,5.255289442171724,5.489560368784359,400.0002886760501,33.2286974343448
538.8270191686228,71.75109460397289,38.72318488192055,30.001126776355388,6.140434591001489,3.72231031336001,400.00103247012083,37.88827362499683
653.5126696165852,67.4933204865972,44.19906448573295,30.00139577169777,4.158697644125646,7.680913846239502,400.0013102144993,38.67835379356292
688.1547379210039,68.20795285443442,47.071861280654645,29.999407450946308,4.490501205376857,7.015134889607644,399.9987656911369,42.801444265010616
635.8358555627502,66.48865926211407,42.34298390056053,30.000006459258447,3.6922084100976345,8.615713724104056,400.0005462838128,35.33036386855482
592.2335216784402,68.50629871241604,40.5051718062789,29.999704556060355,4.6299925561422235,6.736612769960674,400.0005609393988,35.808028685972886
516.4645447815723,67.99447434043955,34.86144669838499,29.99887312626322,4.391620267020554,7.215690295496016,399.9984291999362,28.825793187793067
483.2216746202974,64.85336595998973,30.606484878910454,29.999457204186076,2.9306876925380303,10.137238914066545,399.99819897891376,20.097068582635654
597.0125115582161,68.64187983956045,40.925261204109724,30.000239173538823,4.695028884660461,6.609057579814454,399.99892724082133,36.45362129777264
739.2550332130439,66.62192263490347,49.700038159656984,30.000496614484156,3.7521828324189217,8.490923430619935,399.9987704168686,43.75575421725644
427.4639144962851,72.5912904897359,31.4011277173386,30.000098055977627,6.530577814151565,2.93775483557632,400.0010857797059,30.728627956640523
570.7191996082677,68.70861258871277,39.11412007798031,29.999970762761773,4.725882283674441,6.548973078215741,400.0003771023687,34.500104948857285
694.0277902934479,64.21706628902125,45.05511644465842,30.001374399007045,2.635264541479951,10.731045995498482,399.999404245898,35.509660941372054
523.4779938322054,68.18875498821163,35.47377259865837,30.00064525045166,4.483290147220246,7.03285809735026,400.00052107885875,29.75924649987846
598.8445017188739,68.0138843237435,40.670464106258414,29.997059650393023,4.401336900524151,7.194940097353269,400.0005937552705,35.37287785431569
588.0362042901701,68.59260815197426,40.25994692917061,30.00040699925855,4.669238807439414,6.658970844613992,399.9992270948475,35.640336824772156
624.9280096577525,65.78626071769501,41.14661771300733,30.000516226862118,3.364659331600331,9.269207650959931,400.00072506093,33.10128485653741
538.9910664375883,67.0001528119573,35.83884675086181,30.001070173223464,3.9294100521640734,8.139237093164091,400.0003513759446,28.67320043137131
596.6436131376737,69.1673565495974,41.21825154767031,29.999691985425706,4.937293280114966,6.1257605656674325,399.9992076008756,37.43743126360277
586.737911356986,69.42049260836635,40.67405906182722,29.999237165869655,5.054558269962819,5.888520391261033,399.99839249164205,37.14700359439063
537.0212844908647,68.82135510242469,36.81223018467356,29.99876078628361,4.77917667069941,6.446172912662525,400.00063550170927,32.05703326627134
504.7855765611034,71.31294752971351,36.064804876695895,30.001239067902276,5.936831309640427,4.126844649979274,400.00180042751725,34.357618650741706
538.1860210733004,70.2867154844742,37.786669256790994,30.002759731062945,5.458657755492547,5.081450477947918,400.0010600235588,34.996391594687374
588.1290320444612,71.20966554825331,41.86518026023906,30.00015232007512,5.888192926205875,4.224671330045605,399.9994759013152,40.73352549497319
586.9853565864099,67.88464992813888,39.75643758301417,29.999132925465542,4.341175590189583,7.317335570016882,400.00082515681544,34.18376997836674
667.8302802049068,68.4706004288999,45.80285742449285,30.00019360677566,4.614157954195506,6.769968640943514,400.00026254825605,41.7099472927709
563.4703827313105,68.33822527109272,38.379418225427976,29.999865556494154,4.554101411578571,6.89315951749864,399.9975611919142,33.20820874385911
529.1705945764236,66.20059685386272,34.66312019750042,29.9996838852443,3.558696576844445,8.882224044626055,399.99938236944854,26.345234089886706
595.2901319961826,68.62348672902826,40.7902669145051,29.99770372103796,4.6844123306770555,6.629769486726344,399.9985563002365,36.27548451197097
617.5553540358067,67.78719653357567,41.847967062918606,30.00030049502454,4.295606680206875,7.405744295513701,400.0003267244741,36.41167704718714
524.4287823984241,68.74542310131592,35.878423527995594,30.000817785516073,4.74304757122248,6.5160959109388035,399.9984461860092,30.914713283880427
639.6140415535117,65.11313270348947,41.7716771582575,30.00063832984323,3.0512713110466194,9.894156866540305,399.9990993361598,32.95763889521428
619.7175054397235,67.79143539427078,42.001854694693705,29.99948683730003,4.298988103944098,7.404190156462298,400.00074085899814,36.58806414243367
741.2063013791765,66.41954733550924,49.71345660278415,29.999737107063638,3.659139512722211,8.67927426170037,399.99998075737176,43.51433934312415
658.3425741518482,64.91492270281688,42.96729953711337,30.00001964553207,2.960154751657644,10.077961007242262,400.000438474413,34.049603646180636
608.1798877918134,68.70586365021444,41.74871605160375,29.998532389691267,4.722438422610272,6.551679870570663,399.99876099202163,37.45377609685912
576.6215835767656,67.52534137148369,38.80734611786836,29.99917139350682,4.173224928140777,7.650278265433669,399.99839915196924,32.66881841547451
597.9717786529069,64.58614714573753,38.51848844950553,29.999383553334358,2.807044401156433,10.385352860927714,399.9987398768572,28.642759630348696
509.9754028322929,67.71141614085994,34.23294401421477,30.00114018223808,4.262166926531608,7.475583426362447,400.0004981447585,27.769048719585307
635.5211945149215,69.68252915394702,44.267962236626786,29.999924115312357,5.177362855933401,5.644284485840497,400.0009873396427,41.510491837500716
637.7596479483495,63.30567816872079,40.53877228116326,30.000006936437085,2.211969109063684,11.576109309647237,400.0020236057552,29.300607076472172
598.1777779316513,65.12983576676824,38.86705748264654,29.999733250427003,3.0592708124323997,9.878695913686702,399.9985760608563,29.718798273834683
683.3132128830355,65.85997171772335,45.298570896768,29.999338031627584,3.4010206362039206,9.200411378635364,400.00018975086715,37.855336055512595
625.7302965854643,66.48814046155749,41.63012016129856,29.998706775867735,3.6913279604628353,8.61714519530537,400.00071984526846,34.526287212409144
497.7398786361791,68.23950063182956,33.69353867412198,30.00060443075313,4.507386411334419,6.985397353093633,399.9987495514487,27.826001721603255
615.3578440668231,67.02914831074457,41.23114052282241,29.999753116181797,3.9436660500594396,8.11289911045259,400.0020997384645,34.763363625029406
542.1580786199985,68.73783471644212,37.123498797848356,29.999399671525556,4.736319261965616,6.524473090257308,400.00141964354464,32.2992363868141
628.3975078030951,65.8792016270475,41.44881632564406,30.000730681621505,3.4085446353651463,9.181507823885804,399.9987887787284,33.562593172221575
611.6625163481575,66.27403137753537,40.51164836641957,29.998435891102776,3.593153359783648,8.812522466484793,400.0019765462052,33.00557735318129
640.797420221303,69.75923868201083,44.685529441213205,30.00151114573831,5.211875993389357,5.574126920320916,399.99987234883895,42.075052553410465
662.4775285792945,66.2908126499106,44.096495548560675,30.000198772566396,3.6008663860241836,8.798982091831975,399.99739577271504,37.04861748247786
512.3584112544365,70.77568538614648,36.26746622951998,30.000319530714187,5.684873878092917,4.627359499044634,399.99822139083534,33.90487042084943
565.9571002862833,69.0370857417595,38.979339318476974,29.998914101298826,4.878234880645403,6.2436996359647665,399.99891282738366,34.76459860212163
546.9957106051977,67.45826213304278,36.684417197999,29.999018915901527,4.144005226113974,7.713970793440027,400.0011941756532,30.198609834949217
539.782115595789,68.89768661057033,37.0528424014462,30.00097897420549,4.811818843829542,6.3733852154354,400.00173883356223,32.425625727792266
637.1133870487104,66.28623087100063,42.30866609149239,29.998496962158814,3.597646024912314,8.801560579553563,400.0006505515864,35.03925109295748
610.1729019997658,67.12054973203526,40.922024265188995,29.999816841492457,3.9836617860133985,8.025261270954697,400.000606735428,34.52829527461989
606.7204824851042,64.22897577702653,38.91631677190779,30.000421630965565,2.6414581129171992,10.715980737050053,400.0006658957827,28.641234183353774
620.3540876951248,69.5622551670236,43.12746959352276,30.001674522677114,5.121253700708236,5.7556485272032365,400.0004576597948,40.07783844856155
652.6297628403023,67.83154366686549,44.34194252274088,29.999928380316984,4.315097327366098,7.367567400963395,399.9997060378875,39.26301000177909
533.5331072228146,67.4032976774005,35.70229781857535,29.99933967918624,4.118158632775224,7.763496547118993,400.0000071077465,29.026376738007702
557.2586754586645,69.21188076172244,38.47576733525841,29.99913719096124,4.958973293526755,6.080327095729118,399.9995212208038,34.41945132285851
523.3358539901509,67.44468889263452,35.00916757324296,30.00026133357529,4.137839479703287,7.727108296724213,400.00121192634134,28.299545575365116
694.0226853900497,65.83465454075714,46.040001642721236,30.00111258700721,3.3892015267552207,9.224868729252645,399.9984775656826,38.65490585390788
618.8586143287899,70.73054677282936,43.73563744789763,29.999451701181894,5.664677986817165,4.668266701495015,399.9998441388453,42.23260141643216
502.00194247415277,69.37734435633512,34.67190618008594,30.000325532636275,4.940707444006048,6.001350329184586,194.1304215038045,44.357976441906565
508.5786898448771,68.87225615057797,34.92279662000424,30.000180099745503,5.328034528333745,6.000771983840304,232.81035718511097,36.73587368288394
527.1913181095297,67.45001587035809,35.63439590828814,30.00004058003177,6.4209213295766245,6.000654099120965,342.30952709974815,15.164493053639443
509.739441626314,68.78300024367776,34.968317338030396,30.000557106286223,5.396194982147799,5.999859447010277,239.6363220489992,35.39117708107162
522.5460017384951,67.80707344155574,35.45778539144738,29.999107627365976,6.15073757432502,6.001092038397215,314.97936445157535,20.55022529053526
502.8510249935175,69.31003642247757,34.70323324322744,29.999632483311053,4.99138959811946,5.999634498402763,199.11667908527886,43.37377154620291
513.4495300545256,68.49969457745871,35.11064884886266,29.99946294064066,5.613710574937251,5.999449302075142,261.4696019745673,31.090644080924285
506.70110371094023,69.01688492095603,34.85121929937449,29.999763728490823,5.217560425859997,6.0001591879830745,221.76941189417505,38.91009727224182
515.2119617894018,68.36694112054438,35.17646209309441,30.001380159264123,5.720103448008593,5.9987063554356,271.8380065822457,29.04638524509585
508.99837646239104,68.84087820746176,34.939112781945035,30.000868880065113,5.351822155760485,6.000749194491463,235.28893185246028,36.248151183775555
505.70389375580396,69.09346274339104,34.81400536818994,29.999517117276035,5.158670775537425,5.999728310339701,215.89736501619234,40.06920342768952
507.40012249408517,68.96289372109106,34.87807295456149,30.00081987970223,5.259886512526533,5.99916472844776,225.88748589123261,38.09924005694091
502.3820466739394,69.34795491807547,34.68715362598209,29.99960619266709,4.963035200411847,6.001358121805753,196.3509845258194,43.920266744851105
522.8792286732912,67.78003766019832,35.46958691295461,29.998124644943204,6.168283617607759,5.998153533152777,316.9301518790672,20.16488760444178
514.7918521194262,68.39849451087801,35.160126050245395,29.999887784300366,5.693190445588024,6.001916440944167,269.3561904185628,29.53604772381918
522.1815295510796,67.83289063815953,35.44394074057748,29.99919297301439,6.128338795911261,6.000227273248,312.82519633754026,20.973755864940014
514.3146901772113,68.43625983784167,35.14383740530946,29.997003106807224,5.664869521687325,6.000630038609396,266.5656667816896,30.08652668647126
507.4024453611539,68.96340591339235,34.87835030245769,30.000108447927058,5.259581560064235,6.000262641245504,225.90727065116997,38.097844001180825
513.4533274371177,68.49963259784984,35.10964640468929,29.99982927012197,5.615250548078849,5.996997056845742,261.48978636737627,31.08559171516032
507.928655429138,68.92245152634514,34.89678354592572,29.999453128737365,5.291364843529424,6.001097357898531,228.99555622994455,37.488944997667815
515.0463711547198,68.37949004422354,35.16995300079657,30.001303318060565,5.709278049350889,5.999165300976687,270.86861136437045,29.239191017832656
513.3463007702744,68.50798846148949,35.104129345784564,30.00140304471758,5.610703445264158,5.999658406928279,260.8503463333478,31.211369364977422
524.9799677966505,67.62181110364747,35.549138903544346,30.00089199600672,6.294105418518632,5.999668224757095,329.2989965050244,17.726272820790527
508.7135984489751,68.86394464913587,34.92890237340796,30.000929063981307,5.335015590071538,5.999975246616295,233.60912165380813,36.5799247871058
519.9646837005133,68.00251897201855,35.35692865754164,29.99994642068989,5.997854932946182,6.000231604401247,299.79084550470213,23.54177521783466
489.22306029542625,70.35400058690941,34.18400395697515,29.999785419550275,4.191805013493441,5.998986869159505,118.96015891075493,59.16379882952492
511.95201959024814,68.61629499081471,35.05124889423309,30.00127532194418,5.527080773646625,6.000710928960262,252.65617125462384,32.82783004723594
500.9817619948236,69.45391669328542,34.63090774111935,29.999157181687593,4.880092235891162,5.9998864076675495,188.12799484551257,45.53815787266591
501.2989698860315,69.42989429963275,34.64485239691771,30.00067466992736,4.897684259360501,5.99942333321419,189.9960357073429,45.170275179621996
516.639305092186,68.2566050714581,35.23016319802183,29.999433552878077,5.802674837760723,5.998685105983758,280.23702419545003,27.391310192878123
506.4112452338743,69.03912472130496,34.84213586922587,29.999549109408473,5.200844662414006,5.999888163397253,220.06016008942035,39.24845012939024
510.7876944389887,68.70530626725053,35.007916929343665,29.998543138302608,5.4585135410097125,6.0007671072124555,245.80892050245356,34.177134405002576
508.9801341829218,68.84307358621123,34.939411654389914,29.998324156652803,5.352426630394907,5.999577770088919,235.17105134189592,36.2713275870641
520.2759318084926,67.97980564757488,35.3687489810312,30.000831475466104,6.017108241274968,6.000273218020263,301.626425181649,23.18027754982711
514.6495639693544,68.40924415337369,35.15681188163914,30.000965045367632,5.686215877504358,5.999159258089027,268.52503239266423,29.698905693422535
517.0912140693611,68.22364231314297,35.249431245992675,29.999886986199805,5.827810262068016,5.999100392399627,282.89201531599775,26.871345297817484
506.4236719738382,69.03717601390552,34.8398748339725,29.99906389152435,5.201467764421244,6.001308511099459,220.13835085161713,39.23162293060028
517.4214708233966,68.19606100583587,35.25982970350609,30.00097098116901,5.8477406479964,6.00060388559833,284.83900834311095,26.487958360367795
510.6897173250462,68.71202828289478,35.00434308674501,30.000308914058667,5.453352723260313,6.000323020418177,245.23269590004858,34.2888452895779
507.51039430604413,68.95496066163028,34.881921039287796,30.00105468804843,5.265957604500125,5.999455591820845,226.53650716543717,37.97100865769984
508.6637805995378,68.86738344621361,34.92706279714775,29.999293141266914,5.334655483261578,6.001268553420669,233.30689377393833,36.63941982430413
494.3975324723857,69.95835268800934,34.38078225471054,29.99992402833432,4.493986765514832,5.998947654621968,149.38621352079088,53.171076917935295
518.458127040627,68.11670540547571,35.29921404908833,29.999541257335643,5.908839931498753,6.001372153859978,290.92137185277227,25.28945503315083
516.5350567307623,68.26403251095621,35.22823544709794,30.00102342766715,5.799066461938885,6.000574167216787,279.6178209655,27.515670476978688
502.9024137022012,69.30765145978046,34.70812719703833,29.99873994681277,4.994459688885392,6.00040345903296,199.4271823958024,43.31453495996759
494.61014054481313,69.9414952923938,34.39020280351065,29.998471676074793,4.506741375817368,5.999556378610916,150.6467851429234,52.92193458232581
511.1302407112838,68.67721820618956,35.021386347816424,29.99973972789389,5.475683766330401,6.000280126263285,247.8243519554406,33.7791104223405
496.5785265033035,69.79074554247057,34.46436782056316,30.000063883252295,4.621613852225945,6.000155366611197,162.22653991764687,50.64312937694959
521.1112287287184,67.91469509051458,35.40168245900336,29.999053765105845,6.065630745582004,6.000743805831755,306.53063712724025,22.21366027100884
511.7845746810437,68.62800165207683,35.0455256115951,30.000192512616064,5.515899551810254,6.000209556342303,251.68102884009036,33.01992354390087
515.6741105292065,68.33013051419059,35.19540306996914,30.000045783919877,5.745828983891625,6.000245031029726,274.5578105219914,28.512239236534285
521.7268988096231,67.86768062102753,35.42516525082724,30.00074522127661,6.100538290495862,6.000401708192026,310.1598947700133,21.497387035193974
506.44044536047426,69.03586234613826,34.8413300026311,29.999970529817595,5.201891117042709,6.000926763300007,220.24888474858375,39.21132108860954
514.5554439683107,68.41598301349754,35.15093147306886,29.999827723855507,5.67940488642783,5.9972898125784475,267.9819254460088,29.8086401385005
512.184429406185,68.59584028325644,35.06074352337898,30.000080423759165,5.541342047883834,6.000556019989944,254.02998396238323,32.55565264281388
495.92438135544273,69.84069322364758,34.4375386507591,29.99963123137715,4.583172525017005,5.999606211587983,158.3720274411692,51.40098015375105
511.9146624272061,68.61725959402517,35.051188368622974,29.998867660679892,5.524724804148873,5.998217718628177,252.44480798714756,32.8673583303741
525.9838876612449,67.54072941970848,35.58830098434043,30.000224856926135,6.35380460788531,6.000289378899212,335.1931170772341,16.565558761928102
492.63934059213636,70.0915736111445,34.31287169551882,29.99842667568011,4.390367027220535,6.00141641877676,139.06122742001526,55.20530813873849
516.5051767137068,68.26846255413146,35.22705980792558,30.00051171145072,5.794014509936824,6.000573950641975,279.44320883723515,27.54874425287182
501.1475402759198,69.44211732222165,34.63955837130411,29.99880769416398,4.890390559019645,6.000152585031802,189.10187721319318,45.34617765915127
520.8708696131464,67.93271623521903,35.39247915495752,30.000816556971515,6.051268248820742,6.000362193026048,305.11438629767304,22.49252911043802
516.9167726941948,68.23602853954284,35.24221303232524,29.999992617608473,5.816161208424708,6.000585395602009,281.86557500533087,27.07303308284312
509.01586023918617,68.8423488967513,34.94076784968323,30.000466367362794,5.351388051457392,6.002155963279528,235.39045358889103,36.22785891431717
515.973950437576,68.30639136255725,35.20474040306399,29.99988416343161,5.762016729502594,5.9996085643499715,276.31246889616574,28.167576109178977
507.1811749766032,68.98052790253713,34.871023165016155,30.000400059942717,5.244003095995305,5.998297892708092,224.58703543536723,38.360012618746964
516.3448521288673,68.2793728551534,35.21997493508954,30.00046456375346,5.78303532337913,5.999278360610054,278.4913749140802,27.736778120279403
516.0510948582555,68.30288300742271,35.210781933198774,29.999365751411705,5.767833120839854,5.999198713173528,276.7666337251338,28.076992928527915
510.66725093114525,68.71362091227292,35.00345384746813,30.000243186025426,5.4503025798335445,5.999269382394411,245.09668522793473,34.31697815188435
512.4888615243369,68.5752275665729,35.07131421867948,29.99919739610261,5.558994709785918,5.998959620707293,255.81125791163677,32.204892467752515
504.05388308129517,69.21839224738137,34.750547436385745,30.00162087635615,5.061497988379551,6.000336676514282,206.19790632743351,41.980604657295984
506.0544237702519,69.06529862544154,34.824233875223925,29.999839596541875,5.178585960968514,6.001139622386158,217.97636678051427,39.65916434033896
501.24918369978286,69.43387778529588,34.64444403807528,30.001046732499624,4.898404727274067,5.9985445655316045,189.70041010253502,45.229972684861764
501.84651157048336,69.38646854430066,34.66591590638783,30.000487876000385,4.931444543058784,6.000642001475162,193.21893862062427,44.53503848567223
508.5051999012947,68.88006415783015,34.92097498454826,30.001925870202932,5.321885094329972,5.999856053991234,232.37422469949564,36.82064853842675
503.7545597938193,69.24234763781782,34.73838370485965,29.999402131603347,5.0455942309359045,6.000808814155665,204.43158425300103,42.32654295964444
505.2760720094778,69.12696381402284,34.7975719591409,30.000059435259242,5.132146049149646,6.000966030707567,213.3748529261733,40.56412568755797
498.6098429237921,69.63552146245145,34.542243160344114,30.000935935011075,4.74189376845254,6.000274239381492,174.18064515577072,48.287566531554795
508.658277030782,68.86730704330648,34.92905823312107,30.000356267268796,5.3322746541811155,6.000885680121368,233.29146966589605,36.64210625616857
507.3667390267295,68.96769682506711,34.877157414720195,30.000062519659863,5.2581200242529045,6.000476255166019,225.69837175529202,38.13666256880171
516.4606843815297,68.26970715634586,35.2262392487509,30.000264284133777,5.791058530757493,6.002855662921947,279.1801669570559,27.602719910039383
514.9977060233366,68.38307661096145,35.16987928961169,29.99978449986653,5.704129315975428,6.000375182501975,270.57142535659017,29.29835532796438
532.6506202349467,67.033091757659,35.8437370467925,29.999876664308808,6.744682385714583,6.000976303319243,374.41626813748013,8.839324216502508
519.681335530501,68.02376967290839,35.34793983863682,30.000595568563647,5.982123224619199,5.999881868118762,298.1370894329962,23.867863178087784
501.64703037681306,69.40340837158509,34.657427626357624,30.001447296985376,4.920403023078868,5.998895378159138,192.04644779772892,44.76688886033211
496.7523639949257,69.77715886816787,34.47124127263447,30.001212971424447,4.6320170355545205,5.999874966220548,163.25316213102425,50.43851001939807
512.2941677253326,68.58889581074472,35.06625778964053,29.998269971632755,5.545554158890539,5.99956389888654,254.66912242675616,32.42934614903164
522.2905632056276,67.82509225847855,35.449057329726784,30.00083859401495,6.135811658944138,5.998419782408262,313.46656481192804,20.848477773313693
509.51093985487324,68.8019310960211,34.957373645486015,30.00197202035453,5.383467081942193,5.99998907001334,238.29868476916468,35.65478352446036
511.9819478494233,68.61346241044778,35.05497235588653,30.001823504562882,5.526917973528568,5.999976061952227,252.82943591198895,32.79344381440955
518.8443233367775,68.08951832938322,35.3154319121206,30.000167546558952,5.932827320114019,5.9994262164395415,293.1940792400661,24.841506416429937
497.47827933498684,69.72201008846301,34.49984627670101,30.001314087875073,4.674905951830306,5.999724249750103,167.52649167216896,49.599154624779686
521.374374980645,67.89508743443184,35.41288066501444,29.99953247002497,6.0806775027107225,6.001181333908806,308.0893402939563,21.906483861362396
502.58740352945387,69.33165816303568,34.694064507564455,29.9994696651466,4.974979800403862,6.00057860148229,197.56462760800835,43.6808667324704
527.7314343022726,67.41051196442636,35.65493534764227,30.000062031490447,6.454188858883897,6.000416463310233,345.46758457339445,14.543222855688267
511.147070887328,68.67615804982725,35.021071096547296,29.999460505485818,5.480163421574562,6.000987879105754,247.93426071589045,33.75844880354871
512.3412405914964,68.58542614655987,35.06638571462579,30.000736944311296,5.549555134433413,5.999577421347901,254.95486657858893,32.37375903997017
504.34310644794124,69.19739058272971,34.76124695024638,30.001011697768135,5.075489629202291,6.00044218819573,207.90073614810473,41.64292143250408
500.20517791176314,69.5143560253984,34.602592136101165,30.000488024602987,4.834424402618752,5.999575215868425,183.56839330242713,46.438000013139245
514.8150973410536,68.39797136554378,35.16186904375222,30.00091641050055,5.694776833144725,6.0004771526662255,269.496021572265,29.50896536894312
520.0189703787253,67.99767999826183,35.36222549571469,29.99899389017217,6.000463744454961,6.000436296847355,300.1106495411555,23.47732336694183
520.882643553123,67.93204003120529,35.39510936563098,30.001281566076386,6.051939571716068,5.998750857529907,305.18303035899356,22.477852938848606
514.981004335638,68.38260659107483,35.16562125337204,30.00149114702251,5.706022051124317,6.000717076290434,270.48484422492106,29.31609886683775
514.6643117641686,68.40943888163598,35.156616064778106,29.999806133903423,5.686547159425382,5.999560880699288,268.6161573477478,29.68329550538842
